{"HYPER": 1782841229.7033536, "POWR": 1782841229.7033536, "ATM": 1782841229.7033536, "CELO": 1783150201.5294797, "GLM": 1782859993.87048, "SLP": 1783166303.4369116, "ALCX": 1782946612.7317984, "ACT": 1782987373.8219852, "ME": 1782987373.8219852, "RAY": 1783012410.4644587, "RPL": 1783071894.0667148, "BANANA": 1783451761.5190175, "DOGS": 1783150201.5294797, "TRB": 1783150201.5294797, "STORJ": 1783166303.4369116, "ARPA": 1783587362.3077583, "CHR": 1783256284.1875873, "OGN": 1783269532.7285929, "SUN": 1783451761.5190175, "YFI": 1783502127.758536, "KSM": 1783340175.84679, "SCRT": 1783434495.3034825, "SPELL": 1783467067.4776852, "AUCTION": 1783502127.758536, "TLM": 1783502127.758536, "KAITO": 1783527332.834201, "KMNO": 1783527332.834201, "LDO": 1783543590.4680352, "EGLD": 1783587362.3077583, "ARB": 1783587362.3077583}