{"HYPER": 1782841229.7033536, "POWR": 1782841229.7033536, "ATM": 1782841229.7033536, "CELO": 1783150201.5294797, "GLM": 1782859993.87048, "SLP": 1783166303.4369116, "ALCX": 1782946612.7317984, "ACT": 1782987373.8219852, "ME": 1782987373.8219852, "RAY": 1783012410.4644587, "RPL": 1783071894.0667148, "BANANA": 1783111337.2408261, "DOGS": 1783150201.5294797, "TRB": 1783150201.5294797, "STORJ": 1783166303.4369116, "ARPA": 1783340175.84679, "CHR": 1783256284.1875873, "OGN": 1783269532.7285929, "SUN": 1783269532.7285929, "YFI": 1783340175.84679, "KSM": 1783340175.84679, "SCRT": 1783434495.3034825}