{"HYPER": 1782841229.7033536, "POWR": 1782841229.7033536, "ATM": 1782841229.7033536, "CELO": 1782930010.176481, "GLM": 1782859993.87048, "SLP": 1782946612.7317984, "ALCX": 1782946612.7317984}