{"HYPER": 1782841229.7033536, "POWR": 1782841229.7033536, "ATM": 1782841229.7033536, "CELO": 1782841229.7033536}